<?xml version="1.0" encoding="UTF-8"?>
<!DOCTYPE generatorConfiguration
        PUBLIC "-//mybatis.org//DTD MyBatis Generator Configuration 1.0//EN"
        "http://mybatis.org/dtd/mybatis-generator-config_1_0.dtd">

<generatorConfiguration>

    <!-- 引入数据库连接配置-->
    <!-- <properties resource="jdbc.properties"/> -->
    <context id="Mysql" targetRuntime="MyBatis3Simple" defaultModelType="flat">
        <property name="beginningDelimiter" value="`"/>
        <property name="endingDelimiter" value="`"/>

        <!-- 配置GeneralDAO-->
        <plugin type="tk.mybatis.mapper.generator.MapperPlugin">
            <property name="mappers" value="com.zhn.lms.general.GeneralDAO"/>
        </plugin>

        <!-- 配置数据库连接-->
        <jdbcConnection
                driverClass="com.mysql.cj.jdbc.Driver"
                connectionURL="jdbc:mysql://localhost:3306/dbook?characterEncoding=utf-8&amp;serverTimezone=UTC"
                userId="root"
                password="101011">
            <property name="nullCatalogMeansCurrent" value="true"/>
        </jdbcConnection>

        <!-- 配置实体类存放路径-->
        <javaModelGenerator targetPackage="com.zhn.lms.entity" targetProject="src/main/java"/>

        <!-- 配置XML存放路径-->
        <sqlMapGenerator targetPackage="/" targetProject="src/main/resources/mappers"/>

        <!-- 配置DAO存放路径-->
        <javaClientGenerator
                targetPackage="com.zhn.lms.dao"
                targetProject="src/main/java"
                type="XMLMAPPER"/>

        <!-- 配置需要指定生成的数据库和表，%代表所有表-->
        <table tableName="%">
        </table>

    </context>
</generatorConfiguration>
