<?xml version="1.0" encoding="UTF-8"?>
<!DOCTYPE mapper PUBLIC "-//mybatis.org//DTD Mapper 3.0//EN" "http://mybatis.org/dtd/mybatis-3-mapper.dtd">
<mapper namespace="com.zhn.lms.dao.BookInfoMapper">
  <resultMap id="BaseResultMap" type="com.zhn.lms.entity.BookInfo">
    <!--
      WARNING - @mbg.generated
    -->
    <id column="id" jdbcType="INTEGER" property="id" />
    <result column="name" jdbcType="VARCHAR" property="name" />
    <result column="author" jdbcType="VARCHAR" property="author" />
    <result column="publish" jdbcType="VARCHAR" property="publish" />
    <result column="isbn" jdbcType="VARCHAR" property="isbn" />
    <result column="introduction" jdbcType="VARCHAR" property="introduction" />
    <result column="language" jdbcType="VARCHAR" property="language" />
    <result column="price" jdbcType="DOUBLE" property="price" />
    <result column="publish_date" jdbcType="DATE" property="publishDate" />
    <result column="type_id" jdbcType="INTEGER" property="typeId" />
    <result column="status" jdbcType="INTEGER" property="status" />
  </resultMap>
</mapper>