<?xml version="1.0" encoding="UTF-8"?>
<!DOCTYPE mapper PUBLIC "-//mybatis.org//DTD Mapper 3.0//EN" "http://mybatis.org/dtd/mybatis-3-mapper.dtd">
<mapper namespace="com.zhn.lms.dao.LendListMapper">
  <resultMap id="BaseResultMap" type="com.zhn.lms.entity.LendList">
    <!--
      WARNING - @mbg.generated
    -->
    <id column="id" jdbcType="INTEGER" property="id" />
    <result column="bookId" jdbcType="INTEGER" property="bookid" />
    <result column="readerId" jdbcType="INTEGER" property="readerid" />
    <result column="lendDate" jdbcType="TIMESTAMP" property="lenddate" />
    <result column="backDate" jdbcType="TIMESTAMP" property="backdate" />
    <result column="backType" jdbcType="INTEGER" property="backtype" />
    <result column="exceptRemarks" jdbcType="VARCHAR" property="exceptremarks" />
  </resultMap>
</mapper>