<?xml version="1.0" encoding="UTF-8"?>
<!DOCTYPE mapper PUBLIC "-//mybatis.org//DTD Mapper 3.0//EN" "http://mybatis.org/dtd/mybatis-3-mapper.dtd">
<mapper namespace="com.zhn.lms.dao.ReaderInfoMapper">
  <resultMap id="BaseResultMap" type="com.zhn.lms.entity.ReaderInfo">
    <!--
      WARNING - @mbg.generated
    -->
    <id column="id" jdbcType="INTEGER" property="id" />
    <result column="username" jdbcType="VARCHAR" property="username" />
    <result column="password" jdbcType="VARCHAR" property="password" />
    <result column="realName" jdbcType="VARCHAR" property="realname" />
    <result column="sex" jdbcType="VARCHAR" property="sex" />
    <result column="birthday" jdbcType="DATE" property="birthday" />
    <result column="address" jdbcType="VARCHAR" property="address" />
    <result column="tel" jdbcType="VARCHAR" property="tel" />
    <result column="email" jdbcType="VARCHAR" property="email" />
    <result column="registerDate" jdbcType="TIMESTAMP" property="registerdate" />
    <result column="readerNumber" jdbcType="VARCHAR" property="readernumber" />
    <result column="readerType" jdbcType="INTEGER" property="readertype" />
  </resultMap>
</mapper>